insert into usuario values
('georgelima', 'georgelima@gmail.com', '$trongPassw0rd', 'George Lima', '1993-11-21'),
('amandacruz', 'amandacruz@gmail.com', '$trongPassw0rd2', 'Amanda Cruz', '1995-05-26'),
('ianribeiro', 'ianribeiro@gmail.com', '$trongPassw0rd3', 'Ian Ribeiro', '2000-02-01'),
('joaosilva', 'joaosilva@gmail.com', 'P@ssw0rd123', 'João Silva', '1990-09-12'),
('marianasantos', 'marianasantos@gmail.com', 'MyP@ssw0rd!', 'Mariana Santos', '1988-07-03'),
('pedrocosta', 'pedrocosta@gmail.com', 'Passw0rd123!', 'Pedro Costa', '1992-11-08'),
('larissasilva', 'larissasilva@gmail.com', 'Str0ngP@ss!', 'Larissa Silva', '1997-02-14'),
('joseoliveira', 'joseoliveira@gmail.com', 'P@ssw0rd456', 'José Oliveira', '1985-06-30'),
('carolinamartins', 'carolinamartins@gmail.com', 'Passw0rd789!', 'Carolina Martins', '1991-04-17'),
('felipesilveira', 'felipesilveira@gmail.com', 'MyP@ssw0rd123', 'Felipe Silveira', '1994-09-03'),
('fernandacampos', 'fernandacampos@gmail.com', 'P@ssw0rd987', 'Fernanda Campos', '1993-07-21'),
('gabrielsantana', 'gabrielsantana@gmail.com', 'Passw0rd!@#', 'Gabriel Santana', '1996-12-10'),
('isabelasouza', 'isabelasouza@gmail.com', 'Str0ngP@ssw0rd', 'Isabela Souza', '1989-03-25'),
('rafaelalmeida', 'rafaelalmeida@gmail.com', 'P@ssw0rd654', 'Rafael Almeida', '1998-08-07'),
('victormoreira', 'victormoreira@gmail.com', 'MyP@ssw0rd987', 'Victor Moreira', '1992-05-22'),
('julianalima', 'julianalima@gmail.com', 'P@ssw0rd!@#', 'Juliana Lima', '1993-10-12'),
('paulohenrique', 'paulohenrique@gmail.com', 'Passw0rd123!', 'Paulo Henrique', '1987-09-01'),
('marcosilva', 'marcosilva@gmail.com', 'P@ssw0rd456', 'Marco Silva', '1996-03-18'),
('fernandalima', 'fernandalima@gmail.com', 'Passw0rd789!', 'Fernanda Lima', '1991-11-27'),
('luciamartins', 'luciamartins@gmail.com', 'P@ssw0rd789', 'Lúcia Martins', '1996-06-05'),
('gabrielsantos', 'gabrielsantos@gmail.com', 'P@ssw0rd!@#', 'Gabriel Santos', '1994-04-17'),
('anacosta', 'anacosta@gmail.com', 'MyP@ssw0rd123', 'Ana Costa', '1992-11-23'),
('rodrigofaria', 'rodrigofaria@gmail.com', 'P@ssw0rd987', 'Rodrigo Faria', '1989-10-07'),
('lauramendes', 'lauramendes@gmail.com', 'P@ssw0rd!@#', 'Laura Mendes', '1991-03-15'),
('joseferreira', 'joseferreira@gmail.com', 'Str0ngP@ssw0rd', 'José Ferreira', '1987-09-03'),
('amandasouza', 'amandasouza@gmail.com', 'Passw0rd123!', 'Amanda Souza', '1998-08-11'),
('ricardocarvalho', 'ricardocarvalho@gmail.com', 'P@ssw0rd!@#', 'Ricardo Carvalho', '1997-12-22'),
('amandalima', 'amandalima@gmail.com', '$trongPassw0rd2', 'Amanda Lima', '1990-01-04'),
('mariagomes', 'mariagomes@gmail.com', 'Gomes#2021', 'Maria Gomes', '1987-11-09'),
('pedroalmeida', 'pedroalmeida@gmail.com', 'Almeida@123', 'Pedro Almeida', '1993-07-12'),
('juliasantos', 'juliasantos@gmail.com', 'Santos@321', 'Julia Santos', '1998-03-21'),
('lucasrodrigues', 'lucasrodrigues@gmail.com', 'Rodrigues2021!', 'Lucas Rodrigues', '1991-09-02'),
('camilasilva', 'camilasilva@gmail.com', 'C@mil@2021', 'Camila Silva', '1996-12-05'),
('felipefernandes', 'felipefernandes@gmail.com', 'F3rn@nd3s!', 'Felipe Fernandes', '1988-06-25'),
('sabrinacosta', 'sabrinacosta@gmail.com', 'C0st@S@br1n@', 'Sabrina Costa', '1994-04-18'),
('ricardosilveira', 'ricardosilveira@gmail.com', 'S!lv3ir@2021', 'Ricardo Silveira', '1997-08-28');


insert into postagem values
('www.domain.com/post/georgelima/1', 'georgelima', 'Título da postagem 1', 'Conteúdo da postagem 1', current_timestamp),
('www.domain.com/post/amandacruz/2', 'amandacruz', 'Título da postagem 2', 'Conteúdo da postagem 2', current_timestamp),
('www.domain.com/post/ianribeiro/3', 'ianribeiro', 'Título da postagem 3', 'Conteúdo da postagem 3', current_timestamp),
('www.domain.com/post/joaosilva/4', 'joaosilva', 'Título da postagem 4', 'Conteúdo da postagem 4', current_timestamp),
('www.domain.com/post/marianasantos/5', 'marianasantos', 'Título da postagem 5', 'Conteúdo da postagem 5', current_timestamp),
('www.domain.com/post/pedrocosta/6', 'pedrocosta', 'Título da postagem 6', 'Conteúdo da postagem 6', current_timestamp),
('www.domain.com/post/larissasilva/7', 'larissasilva', 'Título da postagem 7', 'Conteúdo da postagem 7', current_timestamp),
('www.domain.com/post/joseoliveira/8', 'joseoliveira', 'Título da postagem 8', 'Conteúdo da postagem 8', current_timestamp),
('www.domain.com/post/carolinamartins/9', 'carolinamartins', 'Título da postagem 9', 'Conteúdo da postagem 9', current_timestamp),
('www.domain.com/post/felipesilveira/10', 'felipesilveira', 'Título da postagem 10', 'Conteúdo da postagem 10', current_timestamp),
('www.domain.com/post/fernandacampos/11', 'fernandacampos', 'Título da postagem 11', 'Conteúdo da postagem 11', current_timestamp),
('www.domain.com/post/gabrielsantana/12', 'gabrielsantana', 'Título da postagem 12', 'Conteúdo da postagem 12', current_timestamp),
('www.domain.com/post/isabelasouza/13', 'isabelasouza', 'Título da postagem 13', 'Conteúdo da postagem 13', current_timestamp),
('www.domain.com/post/rafaelalmeida/14', 'rafaelalmeida', 'Título da postagem 14', 'Conteúdo da postagem 14', current_timestamp),
('www.domain.com/post/victormoreira/15', 'victormoreira', 'Título da postagem 15', 'Conteúdo da postagem 15', current_timestamp),
('www.domain.com/post/julianalima/16', 'julianalima', 'Título da postagem 16', 'Conteúdo da postagem 16', current_timestamp),
('www.domain.com/post/paulohenrique/17', 'paulohenrique', 'Título da postagem 17', 'Conteúdo da postagem 17', current_timestamp),
('www.domain.com/post/marcosilva/18', 'marcosilva', 'Título da postagem 18', 'Conteúdo da postagem 18', current_timestamp),
('www.domain.com/post/fernandalima/19', 'fernandalima', 'Título da postagem 19', 'Conteúdo da postagem 19', current_timestamp),
('www.domain.com/post/luciamartins/20', 'luciamartins', 'Título da postagem 20', 'Conteúdo da postagem 20', current_timestamp),
('www.domain.com/post/gabrielsantos/21', 'gabrielsantos', 'Título da postagem 21', 'Conteúdo da postagem 21', current_timestamp),
('www.domain.com/post/anacosta/22', 'anacosta', 'Título da postagem 22', 'Conteúdo da postagem 22', current_timestamp),
('www.domain.com/post/rodrigofaria/23', 'rodrigofaria', 'Título da postagem 23', 'Conteúdo da postagem 23', current_timestamp),
('www.domain.com/post/lauramendes/24', 'lauramendes', 'Título da postagem 24', 'Conteúdo da postagem 24', current_timestamp),
('www.domain.com/post/joseferreira/25', 'joseferreira', 'Título da postagem 25', 'Conteúdo da postagem 25', current_timestamp),
('www.domain.com/post/amandasouza/26', 'amandasouza', 'Título da postagem 26', 'Conteúdo da postagem 26', current_timestamp),
('www.domain.com/post/ricardocarvalho/27', 'ricardocarvalho', 'Título da postagem 27', 'Conteúdo da postagem 27', current_timestamp),
('www.domain.com/post/amandalima/28', 'amandalima', 'Título da postagem 28', 'Conteúdo da postagem 28', current_timestamp),
('www.domain.com/post/mariagomes/29', 'mariagomes', 'Título da postagem 29', 'Conteúdo da postagem 29', current_timestamp),
('www.domain.com/post/pedroalmeida/30', 'pedroalmeida', 'Título da postagem 30', 'Conteúdo da postagem 30', current_timestamp),
('www.domain.com/post/juliasantos/31', 'juliasantos', 'Título da postagem 31', 'Conteúdo da postagem 31', current_timestamp),
('www.domain.com/post/lucasrodrigues/32', 'lucasrodrigues', 'Título da postagem 32', 'Conteúdo da postagem 32', current_timestamp),
('www.domain.com/post/camilasilva/33', 'camilasilva', 'Título da postagem 33', 'Conteúdo da postagem 33', current_timestamp),
('www.domain.com/post/felipefernandes/34', 'felipefernandes', 'Título da postagem 34', 'Conteúdo da postagem 34', current_timestamp),
('www.domain.com/post/sabrinacosta/35', 'sabrinacosta', 'Título da postagem 35', 'Conteúdo da postagem 35', current_timestamp),
('www.domain.com/post/ricardosilveira/36', 'ricardosilveira', 'Título da postagem 36', 'Conteúdo da postagem 36', current_timestamp),
('www.domain.com/post/ianribeiro/37', 'ianribeiro', 'Título da postagem 37', 'Conteúdo da postagem 37', current_timestamp);

/*
insert into segue values
('georgelima', 'amandacruz'),
('ianribeiro', 'joaosilva'),
('marianasantos', 'pedrocosta'),
('larissasilva', 'joseoliveira'),
('carolinamartins', 'felipesilveira'),
('fernandacampos', 'gabrielsantana'),
('isabelasouza', 'rafaelalmeida'),
('victormoreira', 'julianalima'),
('paulohenrique', 'marcosilva'),
('fernandalima', 'luciamartins'),
('anacosta', 'rodrigofaria'),
('lauramendes', 'joseferreira'),
('amandasouza', 'ricardocarvalho'),
('amandalima', 'mariagomes'),
('pedroalmeida', 'juliasantos'),
('lucasrodrigues', 'camilasilva'),
('felipefernandes', 'sabrinacosta'),
('ricardosilveira', 'georgelima'),
('amandacruz', 'ianribeiro'),
('joaosilva', 'larissasilva'),
('joseoliveira', 'carolinamartins'),
('gabrielsantana', 'fernandacampos'),
('rafaelalmeida', 'isabelasouza'),
('julianalima', 'paulohenrique'),
('marcosilva', 'fernandalima'),
('luciamartins', 'anacosta'),
('rodrigofaria', 'lauramendes'),
('joseferreira', 'amandasouza'),
('ricardocarvalho', 'amandalima'),
('mariagomes', 'pedroalmeida'),
('juliasantos', 'lucasrodrigues'),
('camilasilva', 'felipefernandes'),
('sabrinacosta', 'ricardosilveira'),
('georgelima', 'marianasantos'),
('ianribeiro', 'georgelima'),
('pedrocosta', 'amandalima'),
('joseoliveira', 'joaosilva'),
('carolinamartins', 'larissasilva'),
('felipesilveira', 'fernandalima'),
('gabrielsantana', 'ianribeiro'),
('rafaelalmeida', 'georgelima'),
('julianalima', 'joseoliveira'),
('paulohenrique', 'larissasilva'),
('marcosilva', 'ianribeiro'),
('fernandalima', 'carolinamartins'),
('luciamartins', 'pedrocosta'),
('anacosta', 'fernandacampos'),
('rodrigofaria', 'joseferreira'),
('lauramendes', 'amandasouza'),
('joseferreira', 'ricardocarvalho'),
('amandasouza', 'mariagomes'),
('ricardocarvalho', 'juliasantos'),
('amandalima', 'pedroalmeida'),
('mariagomes', 'lucasrodrigues'),
('pedroalmeida', 'camilasilva'),
('juliasantos', 'felipefernandes'),
('lucasrodrigues', 'sabrinacosta'),
('camilasilva', 'georgelima'),
('felipefernandes', 'marianasantos'),
('sabrinacosta', 'georgelima');
*/

insert into segue values
('georgelima', 'sabrinacosta'),
('georgelima', 'felipefernandes'),
('georgelima', 'camilasilva'),
('georgelima', 'marianasantos'),
('georgelima', 'juliasantos'),
('georgelima', 'lucasrodrigues'),
('georgelima', 'ianribeiro'),
('amandacruz', 'ianribeiro'),
('ianribeiro', 'georgelima');

/*
insert into comentario values
('www.domain.com/coment/1', 'www.domain.com/post/amandacruz/2', 'georgelima', 'Conteúdo do comentário 1', current_timestamp, false),
('www.domain.com/coment/2', 'www.domain.com/post/ianribeiro/3', 'amandacruz', 'Conteúdo do comentário 2', current_timestamp, false),
('www.domain.com/coment/3', 'www.domain.com/post/joaosilva/4', 'ianribeiro', 'Conteúdo do comentário 3', current_timestamp, false),
('www.domain.com/coment/4', 'www.domain.com/post/marianasantos/5', 'joaosilva', 'Conteúdo do comentário 4', current_timestamp, false),
('www.domain.com/coment/5', 'www.domain.com/post/pedrocosta/6', 'marianasantos', 'Conteúdo do comentário 5', current_timestamp, false),
('www.domain.com/coment/6', 'www.domain.com/post/larissasilva/7', 'pedrocosta', 'Conteúdo do comentário 6', current_timestamp, false),
('www.domain.com/coment/7', 'www.domain.com/post/joseoliveira/8', 'larissasilva', 'Conteúdo do comentário 7', current_timestamp, false),
('www.domain.com/coment/8', 'www.domain.com/post/carolinamartins/9', 'joseoliveira', 'Conteúdo do comentário 8', current_timestamp, false),
('www.domain.com/coment/9', 'www.domain.com/post/felipesilveira/10', 'carolinamartins', 'Conteúdo do comentário 9', current_timestamp, false),
('www.domain.com/coment/10', 'www.domain.com/post/fernandacampos/11', 'felipesilveira', 'Conteúdo do comentário 10', current_timestamp, false),
('www.domain.com/coment/11', 'www.domain.com/post/gabrielsantana/12', 'fernandacampos', 'Conteúdo do comentário 11', current_timestamp, false),
('www.domain.com/coment/12', 'www.domain.com/post/isabelasouza/13', 'gabrielsantana', 'Conteúdo do comentário 12', current_timestamp, false),
('www.domain.com/coment/13', 'www.domain.com/post/rafaelalmeida/14', 'isabelasouza', 'Conteúdo do comentário 13', current_timestamp, false),
('www.domain.com/coment/14', 'www.domain.com/post/victormoreira/15', 'rafaelalmeida', 'Conteúdo do comentário 14', current_timestamp, false),
('www.domain.com/coment/15', 'www.domain.com/post/julianalima/16', 'victormoreira', 'Conteúdo do comentário 15', current_timestamp, false),
('www.domain.com/coment/16', 'www.domain.com/post/paulohenrique/17', 'julianalima', 'Conteúdo do comentário 16', current_timestamp, false),
('www.domain.com/coment/17', 'www.domain.com/post/marcosilva/18', 'paulohenrique', 'Conteúdo do comentário 17', current_timestamp, false),
('www.domain.com/coment/18', 'www.domain.com/post/fernandalima/19', 'marcosilva', 'Conteúdo do comentário 18', current_timestamp, false),
('www.domain.com/coment/19', 'www.domain.com/post/luciamartins/20', 'fernandalima', 'Conteúdo do comentário 19', current_timestamp, false),
('www.domain.com/coment/20', 'www.domain.com/post/gabrielsantos/21', 'luciamartins', 'Conteúdo do comentário 20', current_timestamp, false),
('www.domain.com/coment/21', 'www.domain.com/post/georgelima/1', 'ricardosilveira', 'Conteúdo do comentário 21', current_timestamp, false),
('www.domain.com/coment/22', 'www.domain.com/post/amandacruz/2', 'georgelima', 'Conteúdo do comentário 22', current_timestamp, false),
('www.domain.com/coment/23', 'www.domain.com/post/ianribeiro/3', 'amandacruz', 'Conteúdo do comentário 23', current_timestamp, false),
('www.domain.com/coment/24', 'www.domain.com/post/joaosilva/4', 'ianribeiro', 'Conteúdo do comentário 24', current_timestamp, false),
('www.domain.com/coment/25', 'www.domain.com/post/marianasantos/5', 'joaosilva', 'Conteúdo do comentário 25', current_timestamp, false),
('www.domain.com/coment/26', 'www.domain.com/post/pedrocosta/6', 'marianasantos', 'Conteúdo do comentário 26', current_timestamp, false),
('www.domain.com/coment/27', 'www.domain.com/post/larissasilva/7', 'pedrocosta', 'Conteúdo do comentário 27', current_timestamp, false),
('www.domain.com/coment/28', 'www.domain.com/post/joseoliveira/8', 'larissasilva', 'Conteúdo do comentário 28', current_timestamp, false),
('www.domain.com/coment/29', 'www.domain.com/post/carolinamartins/9', 'joseoliveira', 'Conteúdo do comentário 29', current_timestamp, false),
('www.domain.com/coment/30', 'www.domain.com/post/felipesilveira/10', 'carolinamartins', 'Conteúdo do comentário 30', current_timestamp, false),
('www.domain.com/coment/31', 'www.domain.com/post/fernandacampos/11', 'felipesilveira', 'Conteúdo do comentário 31', current_timestamp, false),
('www.domain.com/coment/32', 'www.domain.com/post/gabrielsantana/12', 'fernandacampos', 'Conteúdo do comentário 32', current_timestamp, false),
('www.domain.com/coment/33', 'www.domain.com/post/isabelasouza/13', 'gabrielsantana', 'Conteúdo do comentário 33', current_timestamp, false),
('www.domain.com/coment/34', 'www.domain.com/post/rafaelalmeida/14', 'isabelasouza', 'Conteúdo do comentário 34', current_timestamp, false),
('www.domain.com/coment/35', 'www.domain.com/post/victormoreira/15', 'rafaelalmeida', 'Conteúdo do comentário 35', current_timestamp, false),
('www.domain.com/coment/36', 'www.domain.com/post/julianalima/16', 'victormoreira', 'Conteúdo do comentário 36', current_timestamp, false),
('www.domain.com/coment/37', 'www.domain.com/post/paulohenrique/17', 'julianalima', 'Conteúdo do comentário 37', current_timestamp, false),
('www.domain.com/coment/38', 'www.domain.com/post/marcosilva/18', 'paulohenrique', 'Conteúdo do comentário 38', current_timestamp, false),
('www.domain.com/coment/39', 'www.domain.com/post/fernandalima/19', 'marcosilva', 'Conteúdo do comentário 39', current_timestamp, false),
('www.domain.com/coment/40', 'www.domain.com/post/luciamartins/20', 'fernandalima', 'Conteúdo do comentário 40', current_timestamp, false),
('www.domain.com/coment/41', 'www.domain.com/post/gabrielsantos/21', 'luciamartins', 'Conteúdo do comentário 41', current_timestamp, false),
('www.domain.com/coment/42', 'www.domain.com/post/georgelima/1', 'ricardosilveira', 'Conteúdo do comentário 42', current_timestamp, false),
('www.domain.com/coment/43', 'www.domain.com/post/amandacruz/2', 'georgelima', 'Conteúdo do comentário 43', current_timestamp, false),
('www.domain.com/coment/44', 'www.domain.com/post/ianribeiro/3', 'amandacruz', 'Conteúdo do comentário 44', current_timestamp, false),
('www.domain.com/coment/45', 'www.domain.com/post/joaosilva/4', 'ianribeiro', 'Conteúdo do comentário 45', current_timestamp, false),
('www.domain.com/coment/46', 'www.domain.com/post/marianasantos/5', 'joaosilva', 'Conteúdo do comentário 46', current_timestamp, false),
('www.domain.com/coment/47', 'www.domain.com/post/pedrocosta/6', 'marianasantos', 'Conteúdo do comentário 47', current_timestamp, false),
('www.domain.com/coment/48', 'www.domain.com/post/larissasilva/7', 'pedrocosta', 'Conteúdo do comentário 48', current_timestamp, false),
('www.domain.com/coment/49', 'www.domain.com/post/joseoliveira/8', 'larissasilva', 'Conteúdo do comentário 49', current_timestamp, false),
('www.domain.com/coment/50', 'www.domain.com/post/carolinamartins/9', 'joseoliveira', 'Conteúdo do comentário 50', current_timestamp, false),
('www.domain.com/coment/51', 'www.domain.com/post/marcosilva/18', 'paulohenrique', 'Conteúdo do comentário 51', current_timestamp, false),
('www.domain.com/coment/52', 'www.domain.com/post/fernandalima/19', 'marcosilva', 'Conteúdo do comentário 52', current_timestamp, false),
('www.domain.com/coment/53', 'www.domain.com/post/luciamartins/20', 'fernandalima', 'Conteúdo do comentário 53', current_timestamp, false),
('www.domain.com/coment/54', 'www.domain.com/post/gabrielsantos/21', 'luciamartins', 'Conteúdo do comentário 54', current_timestamp, false),
('www.domain.com/coment/55', 'www.domain.com/post/juliasantos/31', 'pedroalmeida', 'Conteúdo do comentário 55', current_timestamp, false),
('www.domain.com/coment/56', 'www.domain.com/post/felipefernandes/34', 'juliasantos', 'Conteúdo do comentário 56', current_timestamp, false),
('www.domain.com/coment/57', 'www.domain.com/post/sabrinacosta/35', 'felipefernandes', 'Conteúdo do comentário 57', current_timestamp, false),
('www.domain.com/coment/58', 'www.domain.com/post/ricardosilveira/36', 'sabrinacosta', 'Conteúdo do comentário 58', current_timestamp, false),
('www.domain.com/coment/59', 'www.domain.com/post/georgelima/1', 'ricardosilveira', 'Conteúdo do comentário 59', current_timestamp, false),
('www.domain.com/coment/60', 'www.domain.com/post/amandacruz/2', 'georgelima', 'Conteúdo do comentário 60', current_timestamp, false),
('www.domain.com/coment/61', 'www.domain.com/post/ianribeiro/3', 'amandacruz', 'Conteúdo do comentário 61', current_timestamp, false),
('www.domain.com/coment/62', 'www.domain.com/post/joaosilva/4', 'ianribeiro', 'Conteúdo do comentário 62', current_timestamp, false),
('www.domain.com/coment/63', 'www.domain.com/post/marianasantos/5', 'joaosilva', 'Conteúdo do comentário 63', current_timestamp, false),
('www.domain.com/coment/64', 'www.domain.com/post/pedrocosta/6', 'marianasantos', 'Conteúdo do comentário 64', current_timestamp, false),
('www.domain.com/coment/65', 'www.domain.com/post/larissasilva/7', 'pedrocosta', 'Conteúdo do comentário 65', current_timestamp, false),
('www.domain.com/coment/66', 'www.domain.com/post/joseoliveira/8', 'larissasilva', 'Conteúdo do comentário 66', current_timestamp, false),
('www.domain.com/coment/67', 'www.domain.com/post/carolinamartins/9', 'joseoliveira', 'Conteúdo do comentário 67', current_timestamp, false),
('www.domain.com/coment/68', 'www.domain.com/post/felipesilveira/10', 'carolinamartins', 'Conteúdo do comentário 68', current_timestamp, false),
('www.domain.com/coment/69', 'www.domain.com/post/fernandacampos/11', 'felipesilveira', 'Conteúdo do comentário 69', current_timestamp, false),
('www.domain.com/coment/70', 'www.domain.com/post/gabrielsantana/12', 'fernandacampos', 'Conteúdo do comentário 70', current_timestamp, false),
('www.domain.com/coment/71', 'www.domain.com/post/isabelasouza/13', 'gabrielsantana', 'Conteúdo do comentário 71', current_timestamp, false),
('www.domain.com/coment/72', 'www.domain.com/post/rafaelalmeida/14', 'isabelasouza', 'Conteúdo do comentário 72', current_timestamp, false),
('www.domain.com/coment/73', 'www.domain.com/post/victormoreira/15', 'rafaelalmeida', 'Conteúdo do comentário 73', current_timestamp, false),
('www.domain.com/coment/74', 'www.domain.com/post/julianalima/16', 'victormoreira', 'Conteúdo do comentário 74', current_timestamp, false),
('www.domain.com/coment/75', 'www.domain.com/post/paulohenrique/17', 'julianalima', 'Conteúdo do comentário 75', current_timestamp, false),
('www.domain.com/coment/76', 'www.domain.com/post/marcosilva/18', 'paulohenrique', 'Conteúdo do comentário 76', current_timestamp, false),
('www.domain.com/coment/77', 'www.domain.com/post/fernandalima/19', 'marcosilva', 'Conteúdo do comentário 77', current_timestamp, false),
('www.domain.com/coment/78', 'www.domain.com/post/luciamartins/20', 'fernandalima', 'Conteúdo do comentário 78', current_timestamp, false),
('www.domain.com/coment/79', 'www.domain.com/post/gabrielsantos/21', 'luciamartins', 'Conteúdo do comentário 79', current_timestamp, false),
('www.domain.com/coment/80', 'www.domain.com/post/juliasantos/31', 'pedroalmeida', 'Conteúdo do comentário 80', current_timestamp, false),
('www.domain.com/coment/81', 'www.domain.com/post/felipefernandes/34', 'juliasantos', 'Conteúdo do comentário 81', current_timestamp, false),
('www.domain.com/coment/82', 'www.domain.com/post/sabrinacosta/35', 'felipefernandes', 'Conteúdo do comentário 82', current_timestamp, false),
('www.domain.com/coment/83', 'www.domain.com/post/ricardosilveira/36', 'sabrinacosta', 'Conteúdo do comentário 83', current_timestamp, false),
('www.domain.com/coment/84', 'www.domain.com/post/georgelima/1', 'ricardosilveira', 'Conteúdo do comentário 84', current_timestamp, false),
('www.domain.com/coment/85', 'www.domain.com/post/amandacruz/2', 'georgelima', 'Conteúdo do comentário 85', current_timestamp, false),
('www.domain.com/coment/86', 'www.domain.com/post/ianribeiro/3', 'amandacruz', 'Conteúdo do comentário 86', current_timestamp, false),
('www.domain.com/coment/87', 'www.domain.com/post/joaosilva/4', 'ianribeiro', 'Conteúdo do comentário 87', current_timestamp, false),
('www.domain.com/coment/88', 'www.domain.com/post/marianasantos/5', 'joaosilva', 'Conteúdo do comentário 88', current_timestamp, false),
('www.domain.com/coment/89', 'www.domain.com/post/pedrocosta/6', 'marianasantos', 'Conteúdo do comentário 89', current_timestamp, false),
('www.domain.com/coment/90', 'www.domain.com/post/larissasilva/7', 'pedrocosta', 'Conteúdo do comentário 90', current_timestamp, false),
('www.domain.com/coment/91', 'www.domain.com/post/joseoliveira/8', 'larissasilva', 'Conteúdo do comentário 91', current_timestamp, false),
('www.domain.com/coment/92', 'www.domain.com/post/carolinamartins/9', 'joseoliveira', 'Conteúdo do comentário 92', current_timestamp, false),
('www.domain.com/coment/93', 'www.domain.com/post/felipesilveira/10', 'carolinamartins', 'Conteúdo do comentário 93', current_timestamp, false),
('www.domain.com/coment/94', 'www.domain.com/post/fernandacampos/11', 'felipesilveira', 'Conteúdo do comentário 94', current_timestamp, false),
('www.domain.com/coment/95', 'www.domain.com/post/gabrielsantana/12', 'fernandacampos', 'Conteúdo do comentário 95', current_timestamp, false),
('www.domain.com/coment/96', 'www.domain.com/post/isabelasouza/13', 'gabrielsantana', 'Conteúdo do comentário 96', current_timestamp, false),
('www.domain.com/coment/97', 'www.domain.com/post/rafaelalmeida/14', 'isabelasouza', 'Conteúdo do comentário 97', current_timestamp, false),
('www.domain.com/coment/98', 'www.domain.com/post/victormoreira/15', 'rafaelalmeida', 'Conteúdo do comentário 98', current_timestamp, false),
('www.domain.com/coment/99', 'www.domain.com/post/julianalima/16', 'victormoreira', 'Conteúdo do comentário 99', current_timestamp, false),
('www.domain.com/coment/100', 'www.domain.com/post/paulohenrique/17', 'julianalima', 'Conteúdo do comentário 100', current_timestamp, false);
*/

insert into comentario values
('www.domain.com/coment/1', 'www.domain.com/post/ianribeiro/37', 'georgelima', 'Conteúdo do comentário 1', current_timestamp, true),
('www.domain.com/coment/2', 'www.domain.com/post/ianribeiro/37', 'amandacruz', 'Conteúdo do comentário 2', current_timestamp, false),
('www.domain.com/coment/3', 'www.domain.com/post/ianribeiro/37', 'ianribeiro', 'Conteúdo do comentário 3', current_timestamp, false);

/*
insert into curtidas_post values
('georgelima', 'www.domain.com/post/amandacruz/2'),
('amandacruz', 'www.domain.com/post/ianribeiro/3'),
('ianribeiro', 'www.domain.com/post/joaosilva/4'),
('joaosilva', 'www.domain.com/post/marianasantos/5'),
('marianasantos', 'www.domain.com/post/pedrocosta/6'),
('pedrocosta', 'www.domain.com/post/larissasilva/7'),
('larissasilva', 'www.domain.com/post/joseoliveira/8'),
('joseoliveira', 'www.domain.com/post/carolinamartins/9'),
('carolinamartins', 'www.domain.com/post/felipesilveira/10'),
('felipesilveira', 'www.domain.com/post/fernandacampos/11'),
('fernandacampos', 'www.domain.com/post/gabrielsantana/12'),
('gabrielsantana', 'www.domain.com/post/isabelasouza/13'),
('isabelasouza', 'www.domain.com/post/rafaelalmeida/14'),
('rafaelalmeida', 'www.domain.com/post/victormoreira/15'),
('victormoreira', 'www.domain.com/post/julianalima/16'),
('julianalima', 'www.domain.com/post/paulohenrique/17'),
('paulohenrique', 'www.domain.com/post/marcosilva/18'),
('marcosilva', 'www.domain.com/post/fernandalima/19'),
('fernandalima', 'www.domain.com/post/luciamartins/20'),
('luciamartins', 'www.domain.com/post/gabrielsantos/21'),
('anacosta', 'www.domain.com/post/rodrigofaria/23'),
('rodrigofaria', 'www.domain.com/post/lauramendes/24'),
('lauramendes', 'www.domain.com/post/joseferreira/25'),
('joseferreira', 'www.domain.com/post/amandasouza/26'),
('amandasouza', 'www.domain.com/post/ricardocarvalho/27'),
('ricardocarvalho', 'www.domain.com/post/amandalima/28'),
('amandalima', 'www.domain.com/post/mariagomes/29'),
('mariagomes', 'www.domain.com/post/pedroalmeida/30'),
('pedroalmeida', 'www.domain.com/post/juliasantos/31'),
('juliasantos', 'www.domain.com/post/lucasrodrigues/32'),
('lucasrodrigues', 'www.domain.com/post/camilasilva/33'),
('felipefernandes', 'www.domain.com/post/sabrinacosta/35'),
('sabrinacosta', 'www.domain.com/post/ricardosilveira/36'),
('georgelima', 'www.domain.com/post/carolinamartins/9'),
('amandacruz', 'www.domain.com/post/gabrielsantana/12'),
('ianribeiro', 'www.domain.com/post/luciamartins/20'),
('joaosilva', 'www.domain.com/post/juliasantos/31'),
('marianasantos', 'www.domain.com/post/rodrigofaria/23'),
('pedrocosta', 'www.domain.com/post/fernandalima/19'),
('larissasilva', 'www.domain.com/post/ianribeiro/3'),
('joseoliveira', 'www.domain.com/post/pedrocosta/6'),
('carolinamartins', 'www.domain.com/post/victormoreira/15'),
('felipesilveira', 'www.domain.com/post/amandasouza/26'),
('fernandacampos', 'www.domain.com/post/paulohenrique/17'),
('gabrielsantana', 'www.domain.com/post/mariagomes/29'),
('isabelasouza', 'www.domain.com/post/fernandacampos/11'),
('rafaelalmeida', 'www.domain.com/post/ricardocarvalho/27'),
('julianalima', 'www.domain.com/post/joaosilva/4'),
('paulohenrique', 'www.domain.com/post/marianasantos/5'),
('marcosilva', 'www.domain.com/post/ianribeiro/3'),
('fernandalima', 'www.domain.com/post/joseoliveira/8'),
('luciamartins', 'www.domain.com/post/fernandalima/19'),
('gabrielsantos', 'www.domain.com/post/ianribeiro/3'),
('rodrigofaria', 'www.domain.com/post/fernandalima/19'),
('lauramendes', 'www.domain.com/post/juliasantos/31'),
('joseferreira', 'www.domain.com/post/rodrigofaria/23'),
('amandasouza', 'www.domain.com/post/pedroalmeida/30'),
('ricardocarvalho', 'www.domain.com/post/amandasouza/26'),
('felipefernandes', 'www.domain.com/post/gabrielsantana/12'),
('ricardosilveira', 'www.domain.com/post/felipefernandes/34'),
('amandacruz', 'www.domain.com/post/joaosilva/4'),
('ianribeiro', 'www.domain.com/post/carolinamartins/9'),
('joaosilva', 'www.domain.com/post/gabrielsantana/12'),
('marianasantos', 'www.domain.com/post/luciamartins/20'),
('pedrocosta', 'www.domain.com/post/juliasantos/31'),
('larissasilva', 'www.domain.com/post/rodrigofaria/23'),
('joseoliveira', 'www.domain.com/post/fernandalima/19'),
('carolinamartins', 'www.domain.com/post/ianribeiro/3'),
('felipesilveira', 'www.domain.com/post/pedrocosta/6'),
('fernandacampos', 'www.domain.com/post/victormoreira/15'),
('gabrielsantana', 'www.domain.com/post/amandasouza/26'),
('isabelasouza', 'www.domain.com/post/paulohenrique/17'),
('rafaelalmeida', 'www.domain.com/post/mariagomes/29'),
('victormoreira', 'www.domain.com/post/fernandalima/19'),
('julianalima', 'www.domain.com/post/ricardocarvalho/27'),
('paulohenrique', 'www.domain.com/post/julianalima/16'),
('marcosilva', 'www.domain.com/post/joaosilva/4'),
('fernandalima', 'www.domain.com/post/marianasantos/5'),
('luciamartins', 'www.domain.com/post/ianribeiro/3'),
('gabrielsantos', 'www.domain.com/post/joseoliveira/8'),
('anacosta', 'www.domain.com/post/fernandalima/19'),
('rodrigofaria', 'www.domain.com/post/juliasantos/31'),
('lauramendes', 'www.domain.com/post/rodrigofaria/23');
*/

insert into curtidas_post values
('georgelima', 'www.domain.com/post/ianribeiro/37'),
('amandacruz', 'www.domain.com/post/ianribeiro/37'),
('ianribeiro', 'www.domain.com/post/ianribeiro/37');

/*
insert into curtidas_coment values
('georgelima', 'www.domain.com/coment/1'),
('amandacruz', 'www.domain.com/coment/2'),
('ianribeiro', 'www.domain.com/coment/3'),
('joaosilva', 'www.domain.com/coment/4'),
('marianasantos', 'www.domain.com/coment/5'),
('pedrocosta', 'www.domain.com/coment/6'),
('larissasilva', 'www.domain.com/coment/7'),
('joseoliveira', 'www.domain.com/coment/8'),
('carolinamartins', 'www.domain.com/coment/9'),
('felipesilveira', 'www.domain.com/coment/10'),
('fernandacampos', 'www.domain.com/coment/11'),
('gabrielsantana', 'www.domain.com/coment/12'),
('isabelasouza', 'www.domain.com/coment/13'),
('rafaelalmeida', 'www.domain.com/coment/14'),
('victormoreira', 'www.domain.com/coment/15'),
('julianalima', 'www.domain.com/coment/16'),
('paulohenrique', 'www.domain.com/coment/17'),
('marcosilva', 'www.domain.com/coment/18'),
('fernandalima', 'www.domain.com/coment/19'),
('luciamartins', 'www.domain.com/coment/20'),
('gabrielsantos', 'www.domain.com/coment/21'),
('anacosta', 'www.domain.com/coment/22'),
('rodrigofaria', 'www.domain.com/coment/23'),
('lauramendes', 'www.domain.com/coment/24'),
('joseferreira', 'www.domain.com/coment/25'),
('amandasouza', 'www.domain.com/coment/26'),
('ricardocarvalho', 'www.domain.com/coment/27'),
('amandalima', 'www.domain.com/coment/28'),
('mariagomes', 'www.domain.com/coment/29'),
('pedroalmeida', 'www.domain.com/coment/30'),
('juliasantos', 'www.domain.com/coment/31'),
('lucasrodrigues', 'www.domain.com/coment/32'),
('camilasilva', 'www.domain.com/coment/33'),
('felipefernandes', 'www.domain.com/coment/34'),
('sabrinacosta', 'www.domain.com/coment/35'),
('ricardosilveira', 'www.domain.com/coment/36'),
('georgelima', 'www.domain.com/coment/37'),
('amandacruz', 'www.domain.com/coment/38'),
('ianribeiro', 'www.domain.com/coment/39'),
('joaosilva', 'www.domain.com/coment/40'),
('marianasantos', 'www.domain.com/coment/41'),
('pedrocosta', 'www.domain.com/coment/42'),
('larissasilva', 'www.domain.com/coment/43'),
('joseoliveira', 'www.domain.com/coment/44'),
('carolinamartins', 'www.domain.com/coment/45'),
('felipesilveira', 'www.domain.com/coment/46'),
('fernandacampos', 'www.domain.com/coment/47'),
('gabrielsantana', 'www.domain.com/coment/48'),
('isabelasouza', 'www.domain.com/coment/49'),
('rafaelalmeida', 'www.domain.com/coment/50'),
('victormoreira', 'www.domain.com/coment/51'),
('julianalima', 'www.domain.com/coment/52'),
('paulohenrique', 'www.domain.com/coment/53'),
('marcosilva', 'www.domain.com/coment/54'),
('fernandalima', 'www.domain.com/coment/55'),
('luciamartins', 'www.domain.com/coment/56'),
('gabrielsantos', 'www.domain.com/coment/57'),
('anacosta', 'www.domain.com/coment/58'),
('rodrigofaria', 'www.domain.com/coment/59'),
('lauramendes', 'www.domain.com/coment/60'),
('joseferreira', 'www.domain.com/coment/61'),
('amandasouza', 'www.domain.com/coment/62'),
('ricardocarvalho', 'www.domain.com/coment/63'),
('amandalima', 'www.domain.com/coment/64'),
('mariagomes', 'www.domain.com/coment/65'),
('pedroalmeida', 'www.domain.com/coment/66'),
('juliasantos', 'www.domain.com/coment/67'),
('lucasrodrigues', 'www.domain.com/coment/68'),
('camilasilva', 'www.domain.com/coment/69'),
('felipefernandes', 'www.domain.com/coment/70'),
('sabrinacosta', 'www.domain.com/coment/71'),
('ricardosilveira', 'www.domain.com/coment/72'),
('georgelima', 'www.domain.com/coment/73'),
('amandacruz', 'www.domain.com/coment/74'),
('ianribeiro', 'www.domain.com/coment/75'),
('joaosilva', 'www.domain.com/coment/76'),
('marianasantos', 'www.domain.com/coment/77'),
('pedrocosta', 'www.domain.com/coment/78'),
('larissasilva', 'www.domain.com/coment/79'),
('joseoliveira', 'www.domain.com/coment/80'),
('carolinamartins', 'www.domain.com/coment/81'),
('felipesilveira', 'www.domain.com/coment/82'),
('fernandacampos', 'www.domain.com/coment/83'),
('gabrielsantana', 'www.domain.com/coment/84'),
('isabelasouza', 'www.domain.com/coment/85'),
('rafaelalmeida', 'www.domain.com/coment/86'),
('victormoreira', 'www.domain.com/coment/87'),
('julianalima', 'www.domain.com/coment/88'),
('paulohenrique', 'www.domain.com/coment/89'),
('marcosilva', 'www.domain.com/coment/90'),
('fernandalima', 'www.domain.com/coment/91'),
('luciamartins', 'www.domain.com/coment/92'),
('gabrielsantos', 'www.domain.com/coment/93'),
('anacosta', 'www.domain.com/coment/94'),
('rodrigofaria', 'www.domain.com/coment/95'),
('lauramendes', 'www.domain.com/coment/96'),
('joseferreira', 'www.domain.com/coment/97'),
('amandasouza', 'www.domain.com/coment/98'),
('ricardocarvalho', 'www.domain.com/coment/99'),
('amandalima', 'www.domain.com/coment/100'),
('georgelima', 'www.domain.com/coment/4'),
('amandacruz', 'www.domain.com/coment/5'),
('ianribeiro', 'www.domain.com/coment/1'),
('joaosilva', 'www.domain.com/coment/9'),
('marianasantos', 'www.domain.com/coment/2'),
('pedrocosta', 'www.domain.com/coment/10'),
('larissasilva', 'www.domain.com/coment/6'),
('joseoliveira', 'www.domain.com/coment/2'),
('carolinamartins', 'www.domain.com/coment/8'),
('felipesilveira', 'www.domain.com/coment/3'),
('fernandacampos', 'www.domain.com/coment/6'),
('gabrielsantana', 'www.domain.com/coment/4'),
('isabelasouza', 'www.domain.com/coment/1'),
('rafaelalmeida', 'www.domain.com/coment/3'),
('victormoreira', 'www.domain.com/coment/7'),
('julianalima', 'www.domain.com/coment/9'),
('paulohenrique', 'www.domain.com/coment/5'),
('marcosilva', 'www.domain.com/coment/10'),
('fernandalima', 'www.domain.com/coment/1'),
('luciamartins', 'www.domain.com/coment/7'),
('gabrielsantos', 'www.domain.com/coment/8'),
('anacosta', 'www.domain.com/coment/2'),
('rodrigofaria', 'www.domain.com/coment/3'),
('lauramendes', 'www.domain.com/coment/4'),
('joseferreira', 'www.domain.com/coment/5'),
('amandasouza', 'www.domain.com/coment/6'),
('ricardocarvalho', 'www.domain.com/coment/7'),
('amandalima', 'www.domain.com/coment/8'),
('mariagomes', 'www.domain.com/coment/9'),
('pedroalmeida', 'www.domain.com/coment/10'),
('juliasantos', 'www.domain.com/coment/1'),
('lucasrodrigues', 'www.domain.com/coment/2'),
('camilasilva', 'www.domain.com/coment/3'),
('felipefernandes', 'www.domain.com/coment/4'),
('sabrinacosta', 'www.domain.com/coment/5'),
('ricardosilveira', 'www.domain.com/coment/6'),
('joseoliveira', 'www.domain.com/coment/7'),
('felipesilveira', 'www.domain.com/coment/9'),
('fernandacampos', 'www.domain.com/coment/10'),
('gabrielsantana', 'www.domain.com/coment/1'),
('isabelasouza', 'www.domain.com/coment/2'),
('victormoreira', 'www.domain.com/coment/4'),
('julianalima', 'www.domain.com/coment/5'),
('paulohenrique', 'www.domain.com/coment/6'),
('marcosilva', 'www.domain.com/coment/7'),
('fernandalima', 'www.domain.com/coment/8'),
('luciamartins', 'www.domain.com/coment/9'),
('gabrielsantos', 'www.domain.com/coment/10'),
('anacosta', 'www.domain.com/coment/1'),
('rodrigofaria', 'www.domain.com/coment/2'),
('lauramendes', 'www.domain.com/coment/3'),
('joseferreira', 'www.domain.com/coment/4'),
('amandasouza', 'www.domain.com/coment/5'),
('ricardocarvalho', 'www.domain.com/coment/6'),
('amandalima', 'www.domain.com/coment/7'),
('mariagomes', 'www.domain.com/coment/8'),
('pedroalmeida', 'www.domain.com/coment/9'),
('juliasantos', 'www.domain.com/coment/10'),
('lucasrodrigues', 'www.domain.com/coment/1'),
('camilasilva', 'www.domain.com/coment/2'),
('felipefernandes', 'www.domain.com/coment/3'),
('sabrinacosta', 'www.domain.com/coment/4'),
('ricardosilveira', 'www.domain.com/coment/5');
*/

insert into curtidas_coment values
('georgelima', 'www.domain.com/coment/3'),
('amandacruz', 'www.domain.com/coment/3'),
('ianribeiro', 'www.domain.com/coment/3'),
('joaosilva', 'www.domain.com/coment/3');

